img,thresh
1,0.9562791585922241
2,0.9576729536056519
apply,0.36349475383758545
dropdown,0.9999927282333374
exit,1.0
lines,0.9941051006317139
