img,thresh
1,0.8812533617019653
2,0.880176842212677
apply,0.8432161808013916
dropdown,0.9874003529548645
exit,0.9616665244102478
lines,0.960698127746582
